{"cameraMode":{"drawMode":0,"name":"Shaded","section":"Shading Mode"},"sceneLighting":true,"audioPlay":false,"sceneViewState":{"m_AlwaysRefresh":false,"showFog":true,"showSkybox":true,"showFlares":true,"showImageEffects":true,"showParticleSystems":true,"showVisualEffectGraphs":true,"m_FxEnabled":true},"in2DMode":false,"pivot":{"x":425.799072265625,"y":196.16189575195313,"z":-193.8262939453125},"rotation":{"x":0.16572238504886628,"y":0.010849123820662499,"z":-0.001817095442675054,"w":0.9861154556274414},"size":270.372314453125,"orthographic":true}